<DATE>	<TIME>	<OPEN>	<HIGH>	<LOW>	<CLOSE>	<TICKVOL>	<VOL>	<SPREAD>
2025.01.01	00:00:00	1566.17	1583.87	1561.45	1583.66	1782	0	45
2025.01.01	01:00:00	1583.78	1591.93	1575.65	1584.02	1780	0	45
2025.01.01	02:00:00	1584.37	1625.13	1582.11	1622.73	1783	0	45
2025.01.01	03:00:00	1622.95	1626.23	1608.95	1609.35	1781	0	45
2025.01.01	04:00:00	1609.56	1623.25	1604.68	1614.50	1785	0	45
2025.01.01	05:00:00	1614.12	1644.84	1606.21	1640.37	1783	0	45
2025.01.01	06:00:00	1640.51	1656.28	1624.36	1626.94	1786	0	45
2025.01.01	07:00:00	1626.73	1657.58	1625.49	1655.78	1790	0	45
2025.01.01	08:00:00	1655.69	1656.09	1630.13	1634.63	1785	0	45
2025.01.01	09:00:00	1634.69	1673.70	1631.14	1670.75	1784	0	45
2025.01.01	10:00:00	1671.60	1675.93	1653.83	1663.25	1787	0	45
2025.01.01	11:00:00	1663.36	1666.72	1623.49	1624.82	1793	0	45
2025.01.01	12:00:00	1625.04	1627.91	1605.03	1605.72	1782	0	45
2025.01.01	13:00:00	1606.04	1606.34	1590.31	1603.75	1778	0	45
2025.01.01	14:00:00	1604.55	1607.45	1592.60	1603.25	1780	0	45
2025.01.01	15:00:00	1603.42	1609.54	1596.19	1599.69	1788	0	45
2025.01.01	16:00:00	1600.26	1604.68	1583.43	1588.33	1782	0	45
2025.01.01	17:00:00	1588.08	1611.59	1587.87	1599.38	1784	0	45
2025.01.01	18:00:00	1599.20	1601.62	1569.74	1577.77	1785	0	45
2025.01.01	19:00:00	1577.93	1579.28	1555.95	1563.99	1790	0	45
2025.01.01	20:00:00	1563.90	1588.39	1562.16	1581.72	1774	0	45
2025.01.01	21:00:00	1581.76	1590.90	1571.06	1578.87	1779	0	45
2025.01.01	22:00:00	1578.75	1591.84	1559.58	1563.33	1775	0	45
2025.01.01	23:00:00	1562.68	1572.41	1557.09	1558.78	1779	0	45
2025.01.02	00:00:00	1558.39	1571.70	1553.65	1556.21	1782	0	45
2025.01.02	01:00:00	1556.30	1571.19	1547.08	1547.08	1780	0	45
2025.01.02	02:00:00	1546.58	1558.04	1537.10	1555.12	1781	0	45
2025.01.02	03:00:00	1555.33	1562.73	1539.96	1539.96	1778	0	45
2025.01.02	04:00:00	1540.46	1540.80	1500.85	1515.81	1782	0	45
2025.01.02	05:00:00	1516.35	1525.67	1502.69	1514.87	1780	0	45
2025.01.02	06:00:00	1514.45	1520.22	1484.26	1490.33	1776	0	45
2025.01.02	07:00:00	1490.12	1496.28	1480.51	1482.51	1784	0	45
2025.01.02	08:00:00	1482.23	1484.25	1465.18	1468.14	1780	0	45
2025.01.02	09:00:00	1468.25	1486.88	1467.05	1476.82	1784	0	45
2025.01.02	10:00:00	1476.27	1493.91	1472.75	1484.19	1782	0	45
2025.01.02	11:00:00	1484.32	1492.99	1468.81	1471.74	1778	0	45
2025.01.02	12:00:00	1471.88	1472.16	1449.17	1461.28	1779	0	45
2025.01.02	13:00:00	1461.82	1466.04	1443.20	1455.05	1787	0	45
2025.01.02	14:00:00	1454.89	1455.89	1419.10	1422.09	1781	0	45
2025.01.02	15:00:00	1422.22	1475.18	1420.86	1475.02	1772	0	45
2025.01.02	16:00:00	1474.89	1488.85	1467.93	1482.46	1782	0	45
2025.01.02	17:00:00	1482.34	1507.56	1479.98	1506.41	1788	0	45
2025.01.02	18:00:00	1506.71	1515.07	1498.56	1498.94	1779	0	45
2025.01.02	19:00:00	1499.52	1514.91	1494.28	1514.34	1774	0	45
2025.01.02	20:00:00	1514.43	1520.71	1499.63	1500.77	1778	0	45
2025.01.02	21:00:00	1500.87	1526.95	1500.70	1520.19	1785	0	45
2025.01.02	22:00:00	1520.48	1532.37	1516.77	1531.34	1782	0	45
2025.01.02	23:00:00	1531.40	1559.13	1524.75	1546.93	1778	0	45
2025.01.03	00:00:00	1547.24	1555.71	1532.24	1534.21	1780	0	45
2025.01.03	01:00:00	1533.84	1537.82	1515.04	1523.76	1778	0	45
2025.01.03	02:00:00	1523.73	1529.08	1496.48	1522.46	1783	0	45
2025.01.03	03:00:00	1522.20	1540.48	1521.58	1535.75	1790	0	45
2025.01.03	04:00:00	1535.50	1549.74	1528.96	1535.74	1782	0	45
2025.01.03	05:00:00	1535.63	1543.65	1517.69	1518.26	1780	0	45
2025.01.03	06:00:00	1518.29	1525.15	1509.54	1511.08	1786	0	45
2025.01.03	07:00:00	1511.09	1517.77	1497.63	1510.28	1776	0	45
2025.01.03	08:00:00	1510.33	1510.57	1480.61	1488.56	1781	0	45
2025.01.03	09:00:00	1487.76	1492.03	1476.61	1484.21	1781	0	45
2025.01.03	10:00:00	1484.23	1508.44	1483.62	1499.87	1784	0	45
2025.01.03	11:00:00	1499.99	1500.86	1485.95	1491.63	1784	0	45
2025.01.03	12:00:00	1491.70	1502.95	1477.67	1492.18	1781	0	45
2025.01.03	13:00:00	1492.06	1519.28	1491.46	1508.49	1777	0	45
2025.01.03	14:00:00	1508.40	1537.26	1507.14	1533.44	1777	0	45
2025.01.03	15:00:00	1532.89	1541.18	1516.70	1525.06	1782	0	45
2025.01.03	16:00:00	1524.99	1531.85	1515.72	1526.38	1776	0	45
2025.01.03	17:00:00	1526.52	1531.87	1512.70	1516.72	1782	0	45
2025.01.03	18:00:00	1516.29	1535.96	1508.22	1528.16	1785	0	45
2025.01.03	19:00:00	1528.92	1556.54	1525.10	1535.70	1783	0	45
2025.01.03	20:00:00	1535.62	1537.77	1515.82	1532.03	1780	0	45
2025.01.03	21:00:00	1531.25	1545.91	1522.52	1528.50	1782	0	45
2025.01.03	22:00:00	1528.09	1553.60	1517.73	1552.77	1786	0	45
2025.01.03	23:00:00	1552.63	1556.41	1511.84	1513.07	1780	0	45
2025.01.04	00:00:00	1512.91	1519.92	1493.58	1496.40	1784	0	45
2025.01.04	01:00:00	1496.62	1510.01	1487.77	1489.10	1783	0	45
2025.01.04	02:00:00	1488.22	1501.50	1485.21	1492.05	1781	0	45
2025.01.04	03:00:00	1492.64	1497.73	1473.60	1483.27	1781	0	45
2025.01.04	04:00:00	1483.36	1523.64	1480.54	1520.62	1779	0	45
2025.01.04	05:00:00	1521.08	1540.06	1520.70	1536.88	1784	0	45
2025.01.04	06:00:00	1536.19	1559.00	1532.33	1545.28	1785	0	45
2025.01.04	07:00:00	1545.20	1554.22	1533.83	1552.21	1776	0	45
2025.01.04	08:00:00	1551.52	1552.38	1528.75	1532.57	1781	0	45
2025.01.04	09:00:00	1532.31	1550.79	1524.71	1542.29	1778	0	45
2025.01.04	10:00:00	1542.31	1553.35	1533.33	1552.24	1780	0	45
2025.01.04	11:00:00	1552.49	1556.86	1531.61	1547.59	1778	0	45
2025.01.04	12:00:00	1548.67	1555.83	1530.19	1535.10	1785	0	45
2025.01.04	13:00:00	1535.51	1540.46	1519.14	1519.69	1777	0	45
2025.01.04	14:00:00	1519.31	1527.28	1508.67	1525.96	1780	0	45
2025.01.04	15:00:00	1526.04	1528.84	1497.75	1498.55	1784	0	45
2025.01.04	16:00:00	1498.96	1506.54	1490.78	1503.99	1782	0	45
2025.01.04	17:00:00	1504.69	1507.11	1491.15	1496.48	1779	0	45
2025.01.04	18:00:00	1497.42	1511.50	1482.38	1504.56	1783	0	45
2025.01.04	19:00:00	1503.95	1539.28	1500.77	1516.40	1783	0	45
2025.01.04	20:00:00	1516.93	1520.08	1486.93	1501.78	1787	0	45
2025.01.04	21:00:00	1501.38	1511.30	1495.98	1499.30	1782	0	45
2025.01.04	22:00:00	1499.51	1509.04	1489.33	1502.04	1783	0	45
2025.01.04	23:00:00	1502.30	1502.30	1483.48	1487.03	1780	0	45
2025.01.05	00:00:00	1486.97	1488.09	1457.35	1459.10	1775	0	45
2025.01.05	01:00:00	1459.67	1469.80	1451.90	1458.37	1778	0	45
2025.01.05	02:00:00	1458.82	1468.30	1443.70	1446.75	1787	0	45
2025.01.05	03:00:00	1447.03	1467.05	1440.39	1466.81	1777	0	45
2025.01.05	04:00:00	1466.61	1472.14	1441.94	1453.07	1781	0	45
2025.01.05	05:00:00	1452.82	1461.30	1440.26	1459.76	1778	0	45
2025.01.05	06:00:00	1460.03	1476.48	1441.96	1445.92	1779	0	45
2025.01.05	07:00:00	1446.32	1479.37	1441.15	1477.01	1781	0	45
2025.01.05	08:00:00	1476.94	1483.62	1448.57	1453.76	1777	0	45
2025.01.05	09:00:00	1453.53	1458.16	1426.02	1428.35	1777	0	45
2025.01.05	10:00:00	1427.70	1456.83	1419.72	1456.54	1782	0	45
2025.01.05	11:00:00	1457.32	1488.27	1454.41	1487.48	1779	0	45
2025.01.05	12:00:00	1487.19	1514.70	1484.46	1514.43	1783	0	45
2025.01.05	13:00:00	1513.61	1545.71	1510.34	1528.65	1782	0	45
2025.01.05	14:00:00	1528.71	1532.13	1508.21	1517.11	1783	0	45
2025.01.05	15:00:00	1517.23	1524.35	1509.10	1512.54	1775	0	45
2025.01.05	16:00:00	1512.67	1516.74	1488.81	1510.76	1785	0	45
2025.01.05	17:00:00	1510.89	1545.72	1507.36	1543.48	1785	0	45
2025.01.05	18:00:00	1543.23	1552.46	1522.28	1523.48	1781	0	45
2025.01.05	19:00:00	1523.21	1525.36	1501.08	1504.99	1775	0	45
2025.01.05	20:00:00	1504.31	1521.07	1504.05	1514.72	1786	0	45
2025.01.05	21:00:00	1514.70	1530.00	1505.34	1511.27	1783	0	45
2025.01.05	22:00:00	1511.14	1522.07	1506.31	1506.77	1786	0	45
2025.01.05	23:00:00	1506.68	1512.23	1501.17	1503.42	1788	0	45
2025.01.06	00:00:00	1503.81	1512.89	1496.77	1501.45	1785	0	45
2025.01.06	01:00:00	1502.30	1517.26	1496.38	1500.71	1786	0	45
2025.01.06	02:00:00	1500.85	1504.62	1483.72	1493.99	1780	0	45
2025.01.06	03:00:00	1493.75	1525.08	1493.75	1516.70	1780	0	45
2025.01.06	04:00:00	1516.94	1541.00	1505.58	1539.85	1778	0	44
2025.01.06	05:00:00	1539.91	1551.77	1526.41	1526.41	1788	0	44
2025.01.06	06:00:00	1526.60	1538.77	1519.86	1523.58	1778	0	44
2025.01.06	07:00:00	1523.35	1536.97	1516.89	1528.06	1784	0	44
2025.01.06	08:00:00	1528.01	1538.12	1518.69	1535.30	1783	0	44
2025.01.06	09:00:00	1535.34	1540.44	1519.03	1526.45	1786	0	44
2025.01.06	10:00:00	1525.83	1531.53	1510.84	1524.35	1784	0	44
2025.01.06	11:00:00	1524.50	1535.84	1512.22	1523.26	1782	0	44
2025.01.06	12:00:00	1523.37	1527.93	1496.92	1497.36	1779	0	44
2025.01.06	13:00:00	1497.40	1506.11	1478.75	1489.79	1772	0	44
2025.01.06	14:00:00	1489.92	1503.37	1477.82	1477.82	1773	0	44
2025.01.06	15:00:00	1478.25	1479.91	1455.98	1457.43	1775	0	44
2025.01.06	16:00:00	1457.33	1462.90	1439.44	1443.31	1776	0	44
2025.01.06	17:00:00	1443.22	1462.42	1432.48	1454.01	1783	0	44
2025.01.06	18:00:00	1453.76	1459.37	1444.71	1459.37	1789	0	44
2025.01.06	19:00:00	1459.45	1462.81	1435.10	1449.18	1780	0	44
2025.01.06	20:00:00	1448.70	1451.55	1428.47	1432.12	1783	0	44
2025.01.06	21:00:00	1432.58	1487.42	1430.69	1481.87	1785	0	44
2025.01.06	22:00:00	1481.52	1513.66	1480.78	1506.05	1787	0	44
2025.01.06	23:00:00	1506.00	1509.49	1497.86	1501.93	1783	0	44
2025.01.07	00:00:00	1501.86	1503.53	1486.85	1500.02	1783	0	44
2025.01.07	01:00:00	1499.90	1504.39	1480.02	1489.48	1782	0	44
2025.01.07	02:00:00	1489.89	1496.82	1480.04	1481.21	1777	0	44
2025.01.07	03:00:00	1481.55	1497.31	1481.37	1491.98	1786	0	44
2025.01.07	04:00:00	1491.89	1493.67	1473.65	1479.63	1779	0	44
2025.01.07	05:00:00	1479.73	1498.02	1472.43	1497.96	1776	0	44
2025.01.07	06:00:00	1497.80	1532.09	1495.94	1531.56	1781	0	44
2025.01.07	07:00:00	1531.80	1547.92	1524.61	1544.74	1790	0	44
2025.01.07	08:00:00	1544.69	1587.01	1542.51	1583.71	1780	0	44
2025.01.07	09:00:00	1584.32	1587.79	1562.70	1565.26	1785	0	44
2025.01.07	10:00:00	1565.15	1584.84	1565.15	1576.79	1785	0	44
2025.01.07	11:00:00	1576.14	1577.24	1552.52	1554.00	1786	0	44
2025.01.07	12:00:00	1554.35	1558.93	1541.69	1548.70	1778	0	44
2025.01.07	13:00:00	1548.94	1553.61	1531.92	1546.46	1771	0	44
2025.01.07	14:00:00	1545.68	1566.18	1542.68	1554.41	1784	0	44
2025.01.07	15:00:00	1554.79	1557.69	1518.38	1526.95	1790	0	44
2025.01.07	16:00:00	1527.28	1533.58	1509.83	1509.83	1784	0	44
2025.01.07	17:00:00	1509.12	1526.97	1500.61	1524.57	1780	0	44
2025.01.07	18:00:00	1524.46	1543.74	1524.45	1537.91	1780	0	44
2025.01.07	19:00:00	1537.29	1541.23	1521.81	1537.71	1781	0	44
2025.01.07	20:00:00	1538.12	1547.67	1524.80	1542.76	1781	0	44
2025.01.07	21:00:00	1543.21	1560.53	1540.19	1542.76	1783	0	44
2025.01.07	22:00:00	1542.77	1545.00	1506.53	1506.53	1778	0	44
2025.01.07	23:00:00	1506.79	1519.49	1502.53	1518.06	1783	0	44
2025.01.08	00:00:00	1518.41	1534.79	1513.42	1525.81	1791	0	44
2025.01.08	01:00:00	1525.81	1527.65	1499.26	1499.26	1779	0	44
2025.01.08	02:00:00	1498.72	1517.75	1496.99	1503.39	1777	0	44
2025.01.08	03:00:00	1503.45	1524.13	1488.65	1497.37	1783	0	44
2025.01.08	04:00:00	1498.00	1504.43	1487.88	1495.63	1784	0	44
2025.01.08	05:00:00	1495.23	1504.21	1484.45	1488.84	1784	0	44
2025.01.08	06:00:00	1488.42	1493.29	1455.37	1463.32	1781	0	44
2025.01.08	07:00:00	1463.09	1486.16	1448.44	1475.45	1785	0	44
2025.01.08	08:00:00	1475.18	1492.83	1460.05	1492.77	1770	0	44
2025.01.08	09:00:00	1493.04	1499.37	1478.05	1483.06	1783	0	44
2025.01.08	10:00:00	1483.17	1497.96	1478.57	1497.47	1781	0	44
2025.01.08	11:00:00	1497.87	1515.44	1497.10	1515.43	1782	0	44
2025.01.08	12:00:00	1515.65	1532.71	1509.99	1530.69	1785	0	44
2025.01.08	13:00:00	1531.46	1533.32	1504.45	1508.34	1779	0	44
2025.01.08	14:00:00	1509.04	1528.84	1506.05	1514.54	1781	0	44
2025.01.08	15:00:00	1514.28	1545.35	1512.88	1538.20	1788	0	44
2025.01.08	16:00:00	1538.37	1549.22	1528.80	1539.45	1778	0	44
2025.01.08	17:00:00	1539.56	1551.29	1536.38	1543.16	1780	0	44
2025.01.08	18:00:00	1542.94	1550.87	1532.48	1550.87	1785	0	44
2025.01.08	19:00:00	1550.31	1565.67	1539.45	1552.80	1779	0	44
2025.01.08	20:00:00	1552.57	1554.06	1537.27	1543.09	1779	0	44
2025.01.08	21:00:00	1542.88	1574.24	1534.82	1558.58	1784	0	44
2025.01.08	22:00:00	1559.18	1560.96	1537.22	1541.17	1781	0	44
2025.01.08	23:00:00	1541.67	1544.06	1516.63	1529.18	1781	0	44
2025.01.09	00:00:00	1529.37	1551.57	1528.35	1540.22	1773	0	44
2025.01.09	01:00:00	1539.87	1543.78	1522.88	1532.55	1788	0	44
2025.01.09	02:00:00	1533.32	1555.60	1531.02	1539.32	1785	0	44
2025.01.09	03:00:00	1539.71	1540.68	1507.68	1512.49	1784	0	44
2025.01.09	04:00:00	1512.42	1518.68	1491.33	1501.02	1780	0	44
2025.01.09	05:00:00	1501.37	1520.86	1498.00	1515.51	1779	0	44
2025.01.09	06:00:00	1514.75	1533.51	1510.30	1528.02	1783	0	44
2025.01.09	07:00:00	1527.76	1530.98	1515.43	1519.79	1777	0	44
2025.01.09	08:00:00	1519.25	1525.18	1508.49	1513.25	1782	0	44
2025.01.09	09:00:00	1513.14	1525.93	1497.51	1524.41	1782	0	44
2025.01.09	10:00:00	1524.73	1555.87	1524.73	1553.62	1781	0	44
2025.01.09	11:00:00	1553.93	1554.76	1532.52	1535.63	1779	0	44
2025.01.09	12:00:00	1535.71	1563.51	1532.02	1561.93	1786	0	44
2025.01.09	13:00:00	1561.97	1563.45	1538.05	1560.25	1790	0	44
2025.01.09	14:00:00	1560.64	1567.62	1542.67	1548.82	1777	0	44
2025.01.09	15:00:00	1548.75	1580.94	1547.36	1577.99	1787	0	44
2025.01.09	16:00:00	1578.31	1582.01	1557.95	1559.12	1775	0	44
2025.01.09	17:00:00	1558.99	1559.87	1536.91	1545.48	1780	0	44
2025.01.09	18:00:00	1545.79	1555.97	1538.03	1540.88	1788	0	44
2025.01.09	19:00:00	1540.81	1557.09	1529.26	1551.06	1782	0	44
2025.01.09	20:00:00	1551.27	1562.51	1548.35	1558.22	1788	0	44
2025.01.09	21:00:00	1558.35	1584.72	1547.99	1578.13	1778	0	44
2025.01.09	22:00:00	1577.50	1606.26	1575.68	1602.60	1790	0	44
2025.01.09	23:00:00	1603.08	1621.78	1597.32	1611.22	1785	0	44
2025.01.10	00:00:00	1611.16	1636.30	1603.89	1609.57	1785	0	44
2025.01.10	01:00:00	1609.60	1621.35	1603.25	1608.91	1785	0	44
2025.01.10	02:00:00	1609.17	1639.01	1603.87	1637.87	1775	0	44
2025.01.10	03:00:00	1636.80	1664.00	1629.78	1663.89	1787	0	44
2025.01.10	04:00:00	1664.18	1678.08	1622.78	1628.43	1786	0	44
2025.01.10	05:00:00	1629.11	1633.46	1600.13	1611.82	1781	0	44
2025.01.10	06:00:00	1611.81	1630.70	1605.91	1620.85	1781	0	44
2025.01.10	07:00:00	1620.91	1626.28	1602.36	1615.65	1783	0	44
2025.01.10	08:00:00	1614.88	1637.23	1611.22	1632.00	1785	0	44
2025.01.10	09:00:00	1632.33	1665.42	1629.43	1665.42	1786	0	44
2025.01.10	10:00:00	1665.18	1693.73	1656.67	1693.73	1781	0	44
2025.01.10	11:00:00	1693.46	1708.49	1662.31	1663.39	1791	0	44
2025.01.10	12:00:00	1663.31	1672.47	1656.53	1671.03	1783	0	44
2025.01.10	13:00:00	1670.76	1695.17	1670.31	1673.21	1776	0	44
2025.01.10	14:00:00	1673.74	1687.62	1660.97	1661.36	1788	0	44
2025.01.10	15:00:00	1661.38	1667.84	1645.45	1664.20	1779	0	44
2025.01.10	16:00:00	1664.74	1665.94	1622.88	1623.99	1785	0	44
2025.01.10	17:00:00	1624.10	1630.44	1605.15	1607.45	1787	0	44
2025.01.10	18:00:00	1607.14	1624.20	1604.27	1607.95	1787	0	44
2025.01.10	19:00:00	1608.33	1621.59	1595.86	1613.79	1787	0	44
2025.01.10	20:00:00	1613.74	1631.53	1608.09	1622.32	1794	0	44
2025.01.10	21:00:00	1622.58	1627.93	1602.35	1606.31	1784	0	44
2025.01.10	22:00:00	1606.55	1617.43	1603.46	1605.15	1783	0	44
2025.01.10	23:00:00	1604.73	1628.53	1598.00	1620.92	1777	0	44
2025.01.11	00:00:00	1620.26	1639.10	1609.24	1634.35	1782	0	44
2025.01.11	01:00:00	1634.63	1653.82	1629.09	1646.69	1782	0	44
2025.01.11	02:00:00	1646.86	1684.06	1636.53	1673.60	1782	0	44
2025.01.11	03:00:00	1673.87	1684.97	1666.10	1669.01	1785	0	44
2025.01.11	04:00:00	1669.12	1680.24	1660.50	1665.69	1787	0	44
2025.01.11	05:00:00	1665.64	1679.13	1652.67	1658.65	1783	0	44
2025.01.11	06:00:00	1658.70	1680.01	1656.92	1665.92	1789	0	44
2025.01.11	07:00:00	1665.80	1666.96	1642.92	1650.84	1787	0	44
2025.01.11	08:00:00	1650.78	1675.16	1649.49	1665.74	1781	0	44
2025.01.11	09:00:00	1665.47	1668.98	1650.96	1663.84	1781	0	44
2025.01.11	10:00:00	1664.59	1691.02	1657.55	1672.75	1784	0	44
2025.01.11	11:00:00	1672.88	1675.81	1631.29	1638.07	1790	0	44
2025.01.11	12:00:00	1638.09	1680.25	1635.06	1678.84	1794	0	44
2025.01.11	13:00:00	1678.37	1741.59	1674.59	1738.90	1788	0	44
2025.01.11	14:00:00	1738.84	1744.10	1724.85	1742.42	1789	0	44
2025.01.11	15:00:00	1742.31	1761.29	1740.15	1757.55	1784	0	44
2025.01.11	16:00:00	1757.08	1780.53	1754.55	1762.19	1786	0	44
2025.01.11	17:00:00	1761.58	1769.62	1752.78	1766.34	1783	0	44
2025.01.11	18:00:00	1766.18	1766.63	1734.78	1741.82	1786	0	44
2025.01.11	19:00:00	1741.80	1776.99	1731.89	1776.31	1787	0	44
2025.01.11	20:00:00	1776.34	1778.85	1741.78	1749.47	1792	0	44
2025.01.11	21:00:00	1749.60	1762.77	1709.80	1714.27	1785	0	44
2025.01.11	22:00:00	1715.07	1740.30	1712.69	1735.90	1788	0	44
2025.01.11	23:00:00	1736.02	1769.22	1733.47	1757.76	1785	0	44
2025.01.12	00:00:00	1757.33	1765.79	1727.69	1728.08	1787	0	44
2025.01.12	01:00:00	1728.25	1729.87	1708.54	1716.19	1783	0	44
2025.01.12	02:00:00	1716.30	1725.67	1702.87	1704.57	1787	0	44
2025.01.12	03:00:00	1704.35	1707.05	1678.34	1700.56	1788	0	44
2025.01.12	04:00:00	1700.52	1704.13	1686.16	1700.33	1776	0	44
2025.01.12	05:00:00	1700.27	1702.27	1673.64	1676.53	1780	0	44
2025.01.12	06:00:00	1676.55	1705.54	1671.61	1701.75	1777	0	44
2025.01.12	07:00:00	1701.12	1729.20	1698.90	1706.81	1783	0	44
2025.01.12	08:00:00	1706.88	1751.22	1701.53	1751.22	1789	0	44
2025.01.12	09:00:00	1751.75	1784.09	1748.58	1780.40	1783	0	44
2025.01.12	10:00:00	1780.07	1801.46	1769.83	1773.66	1787	0	44
2025.01.12	11:00:00	1773.91	1794.88	1773.21	1782.41	1783	0	44
2025.01.12	12:00:00	1781.87	1784.80	1750.80	1757.97	1778	0	44
2025.01.12	13:00:00	1757.58	1764.00	1735.83	1745.53	1776	0	44
2025.01.12	14:00:00	1745.19	1784.07	1745.03	1781.28	1786	0	44
2025.01.12	15:00:00	1780.58	1794.12	1775.11	1788.31	1774	0	44
2025.01.12	16:00:00	1788.79	1809.58	1776.75	1784.34	1786	0	44
2025.01.12	17:00:00	1783.99	1824.78	1781.13	1821.47	1786	0	44
2025.01.12	18:00:00	1821.35	1839.79	1816.94	1822.26	1785	0	44
2025.01.12	19:00:00	1822.94	1840.80	1820.11	1831.20	1790	0	44
2025.01.12	20:00:00	1831.34	1857.26	1813.19	1845.60	1779	0	44
2025.01.12	21:00:00	1845.90	1873.97	1838.98	1872.95	1783	0	44
2025.01.12	22:00:00	1872.64	1887.25	1863.32	1869.12	1781	0	44
2025.01.12	23:00:00	1869.15	1874.64	1836.48	1843.70	1785	0	44
2025.01.13	00:00:00	1842.42	1867.62	1834.14	1862.28	1780	0	44
2025.01.13	01:00:00	1862.21	1893.32	1861.95	1871.45	1785	0	44
2025.01.13	02:00:00	1870.63	1890.54	1867.94	1870.66	1787	0	44
2025.01.13	03:00:00	1870.36	1875.53	1836.29	1841.73	1786	0	44
2025.01.13	04:00:00	1841.95	1869.04	1838.00	1865.80	1779	0	54
2025.01.13	05:00:00	1865.78	1865.86	1836.12	1839.17	1778	0	54
2025.01.13	06:00:00	1838.64	1861.92	1836.90	1849.54	1379	0	54
2025.01.13	07:00:00	1849.53	1854.74	1824.35	1840.28	1785	0	54
2025.01.13	08:00:00	1840.52	1877.94	1834.41	1877.94	1786	0	54
2025.01.13	09:00:00	1877.97	1898.53	1863.03	1863.68	1790	0	54
2025.01.13	10:00:00	1863.53	1902.57	1863.53	1886.96	1790	0	54
2025.01.13	11:00:00	1886.88	1937.41	1886.88	1937.11	1787	0	54
2025.01.13	12:00:00	1937.85	1959.86	1929.54	1941.57	1785	0	54
2025.01.13	13:00:00	1941.25	1950.71	1913.60	1936.04	1786	0	54
2025.01.13	14:00:00	1936.07	1940.44	1919.53	1921.23	1784	0	54
2025.01.13	15:00:00	1922.00	1925.03	1876.73	1918.22	1774	0	54
2025.01.13	16:00:00	1917.78	1926.78	1908.74	1917.61	1785	0	54
2025.01.13	17:00:00	1916.81	1946.77	1913.30	1945.83	1783	0	54
2025.01.13	18:00:00	1946.16	1964.77	1937.28	1960.48	1786	0	54
2025.01.13	19:00:00	1959.74	1963.15	1935.94	1943.11	1785	0	54
2025.01.13	20:00:00	1942.45	1952.71	1909.95	1922.10	1786	0	54
2025.01.13	21:00:00	1921.76	1957.76	1920.69	1948.33	1786	0	54
2025.01.13	22:00:00	1948.39	1953.46	1933.86	1937.88	1781	0	54
2025.01.13	23:00:00	1937.38	1940.54	1911.52	1925.90	1795	0	54
2025.01.14	00:00:00	1925.88	1942.81	1914.54	1936.88	1783	0	54
2025.01.14	01:00:00	1936.95	1980.93	1935.01	1972.27	1786	0	54
2025.01.14	02:00:00	1972.74	1983.61	1965.75	1967.00	1788	0	54
2025.01.14	03:00:00	1967.00	2002.33	1966.37	1999.79	1784	0	54
2025.01.14	04:00:00	1998.63	2010.01	1982.15	1984.33	1785	0	54
2025.01.14	05:00:00	1984.20	1993.77	1971.44	1971.44	1785	0	54
2025.01.14	06:00:00	1971.57	1996.16	1969.82	1989.90	1781	0	54
2025.01.14	07:00:00	1990.23	1997.01	1936.69	1950.73	1780	0	54
2025.01.14	08:00:00	1951.06	1960.43	1929.69	1940.57	1787	0	54
2025.01.14	09:00:00	1940.31	1950.89	1919.95	1923.41	1788	0	54
2025.01.14	10:00:00	1923.13	1944.20	1917.35	1935.51	1788	0	54
2025.01.14	11:00:00	1935.39	1937.22	1900.72	1907.11	1783	0	54
2025.01.14	12:00:00	1907.36	1934.67	1899.80	1929.37	1786	0	54
2025.01.14	13:00:00	1929.57	1975.74	1925.95	1968.21	1789	0	54
2025.01.14	14:00:00	1968.14	1979.88	1947.08	1951.13	1783	0	54
2025.01.14	15:00:00	1951.84	1959.68	1938.80	1943.17	1796	0	54
2025.01.14	16:00:00	1944.60	1949.58	1917.61	1930.76	1783	0	54
2025.01.14	17:00:00	1930.29	1948.62	1915.72	1923.07	1792	0	54
2025.01.14	18:00:00	1923.68	1946.89	1912.81	1945.43	1788	0	54
2025.01.14	19:00:00	1945.35	1953.15	1909.28	1914.84	1778	0	54
2025.01.14	20:00:00	1914.35	1918.19	1897.39	1914.97	1791	0	54
2025.01.14	21:00:00	1914.98	1929.94	1900.05	1919.30	1783	0	54
2025.01.14	22:00:00	1919.55	1944.34	1900.18	1928.04	1789	0	54
2025.01.14	23:00:00	1928.29	1974.11	1924.88	1972.78	1784	0	54
2025.01.15	00:00:00	1971.85	1983.14	1943.33	1967.28	1789	0	54
2025.01.15	01:00:00	1967.47	1978.45	1954.82	1965.37	1795	0	54
2025.01.15	02:00:00	1964.90	1989.07	1955.18	1959.03	1787	0	54
2025.01.15	03:00:00	1958.49	1969.21	1939.29	1953.30	1791	0	54
2025.01.15	04:00:00	1953.33	1975.25	1950.78	1955.44	1786	0	54
2025.01.15	05:00:00	1956.36	1993.85	1951.74	1984.45	1790	0	54
2025.01.15	06:00:00	1985.17	2036.82	1984.72	2028.46	1787	0	54
2025.01.15	07:00:00	2026.79	2048.40	2018.01	2030.95	1783	0	54
2025.01.15	08:00:00	2031.23	2049.62	2016.03	2020.37	1785	0	54
2025.01.15	09:00:00	2019.71	2081.37	2017.90	2073.84	1789	0	54
2025.01.15	10:00:00	2074.70	2101.87	2073.74	2087.77	1790	0	54
2025.01.15	11:00:00	2087.80	2105.89	2079.70	2079.70	1788	0	54
2025.01.15	12:00:00	2079.38	2090.60	2070.09	2073.90	1788	0	54
2025.01.15	13:00:00	2074.20	2081.31	2045.68	2063.88	1786	0	54
2025.01.15	14:00:00	2064.31	2075.21	2039.18	2039.64	1785	0	54
2025.01.15	15:00:00	2040.20	2060.30	2028.93	2046.12	1787	0	54
2025.01.15	16:00:00	2045.81	2059.28	2025.07	2033.04	1788	0	54
2025.01.15	17:00:00	2032.96	2059.41	2025.45	2039.90	1791	0	54
2025.01.15	18:00:00	2040.94	2058.45	2036.31	2039.48	1787	0	54
2025.01.15	19:00:00	2039.71	2062.09	2015.50	2015.50	1785	0	54
2025.01.15	20:00:00	2015.45	2023.84	1998.00	2007.93	1786	0	54
2025.01.15	21:00:00	2006.70	2007.01	1982.98	1994.84	1789	0	54
2025.01.15	22:00:00	1995.27	2013.61	1986.38	2004.90	1783	0	54
2025.01.15	23:00:00	2005.93	2008.18	1989.71	1993.15	1789	0	54
2025.01.16	00:00:00	1993.95	1997.79	1974.05	1984.97	1788	0	54
2025.01.16	01:00:00	1984.25	1985.79	1938.46	1938.76	1786	0	54
2025.01.16	02:00:00	1939.51	1958.79	1921.12	1936.53	1786	0	54
2025.01.16	03:00:00	1937.64	1939.97	1917.76	1918.64	1787	0	54
2025.01.16	04:00:00	1918.66	1934.93	1886.50	1891.67	1784	0	54
2025.01.16	05:00:00	1891.68	1927.34	1888.92	1919.72	1792	0	54
2025.01.16	06:00:00	1920.45	1926.84	1890.95	1892.83	1787	0	54
2025.01.16	07:00:00	1892.73	1896.64	1870.89	1887.08	1783	0	54
2025.01.16	08:00:00	1887.28	1888.39	1859.46	1872.72	1785	0	54
2025.01.16	09:00:00	1872.73	1908.76	1867.42	1893.30	1790	0	54
2025.01.16	10:00:00	1892.93	1930.34	1891.65	1928.76	1792	0	54
2025.01.16	11:00:00	1928.65	1952.09	1918.57	1923.58	1790	0	54
2025.01.16	12:00:00	1923.31	1923.86	1881.61	1882.00	1785	0	54
2025.01.16	13:00:00	1882.42	1883.97	1853.58	1865.71	1787	0	54
2025.01.16	14:00:00	1865.97	1873.75	1839.69	1840.41	1785	0	54
2025.01.16	15:00:00	1840.67	1868.72	1831.05	1860.81	1783	0	54
2025.01.16	16:00:00	1860.10	1860.10	1827.31	1839.91	1786	0	54
2025.01.16	17:00:00	1839.68	1841.18	1808.07	1821.98	1788	0	54
2025.01.16	18:00:00	1821.33	1839.29	1803.37	1839.29	1780	0	54
2025.01.16	19:00:00	1838.61	1863.91	1827.60	1863.44	1777	0	54
2025.01.16	20:00:00	1863.70	1866.86	1838.22	1841.33	1787	0	54
2025.01.16	21:00:00	1841.59	1861.88	1841.59	1856.70	1787	0	54
2025.01.16	22:00:00	1857.19	1874.76	1845.52	1871.29	1780	0	54
2025.01.16	23:00:00	1871.53	1885.79	1859.48	1878.44	1791	0	54
2025.01.17	00:00:00	1878.11	1887.77	1863.06	1887.77	1785	0	54
2025.01.17	01:00:00	1888.27	1897.35	1872.13	1884.57	1785	0	54
2025.01.17	02:00:00	1883.90	1906.66	1883.90	1894.03	1790	0	54
2025.01.17	03:00:00	1893.46	1894.34	1851.94	1856.54	1782	0	54
2025.01.17	04:00:00	1856.68	1884.60	1852.96	1874.41	1787	0	54
2025.01.17	05:00:00	1874.50	1895.33	1869.08	1879.00	1780	0	54
2025.01.17	06:00:00	1880.32	1880.97	1837.96	1841.56	1785	0	54
2025.01.17	07:00:00	1842.05	1863.17	1837.82	1849.35	1786	0	54
2025.01.17	08:00:00	1849.84	1879.11	1846.68	1871.30	1784	0	54
2025.01.17	09:00:00	1871.34	1904.29	1870.63	1883.74	1784	0	54
2025.01.17	10:00:00	1883.82	1902.45	1875.48	1883.66	1779	0	54
2025.01.17	11:00:00	1883.50	1887.31	1860.80	1863.74	1788	0	54
2025.01.17	12:00:00	1864.30	1884.73	1861.22	1882.02	1784	0	54
2025.01.17	13:00:00	1881.87	1889.45	1867.30	1883.03	1786	0	54
2025.01.17	14:00:00	1883.16	1889.48	1866.99	1883.94	1790	0	54
2025.01.17	15:00:00	1883.41	1898.31	1870.01	1885.34	1783	0	54
2025.01.17	16:00:00	1885.24	1913.72	1882.76	1887.85	1787	0	54
2025.01.17	17:00:00	1887.29	1914.37	1883.14	1909.56	1784	0	54
2025.01.17	18:00:00	1909.41	1936.25	1903.81	1912.51	1785	0	54
2025.01.17	19:00:00	1912.40	1915.52	1874.72	1875.26	1788	0	54
2025.01.17	20:00:00	1875.75	1892.93	1871.09	1890.85	1789	0	54
2025.01.17	21:00:00	1890.54	1905.93	1879.82	1895.74	1791	0	54
2025.01.17	22:00:00	1896.34	1899.77	1862.07	1867.33	1785	0	54
2025.01.17	23:00:00	1867.65	1875.29	1839.08	1842.07	1781	0	54
2025.01.18	00:00:00	1841.50	1880.97	1834.42	1873.88	1788	0	54
2025.01.18	01:00:00	1874.08	1909.67	1864.75	1891.28	1789	0	54
2025.01.18	02:00:00	1890.52	1907.86	1885.42	1901.98	1788	0	54
2025.01.18	03:00:00	1901.60	1919.57	1891.44	1911.01	1788	0	54
2025.01.18	04:00:00	1910.64	1944.03	1905.03	1930.49	1787	0	54
2025.01.18	05:00:00	1929.84	1951.92	1926.82	1930.88	1779	0	54
2025.01.18	06:00:00	1930.43	1961.81	1928.45	1938.61	1788	0	54
2025.01.18	07:00:00	1938.17	1938.17	1909.33	1918.63	1787	0	54
2025.01.18	08:00:00	1918.53	1937.90	1913.80	1928.21	1779	0	54
2025.01.18	09:00:00	1927.75	1934.12	1913.97	1930.90	1788	0	54
2025.01.18	10:00:00	1930.33	1942.25	1924.29	1927.49	1785	0	54
2025.01.18	11:00:00	1927.25	1931.92	1890.10	1895.06	1789	0	54
2025.01.18	12:00:00	1895.44	1904.35	1876.31	1878.05	1783	0	54
2025.01.18	13:00:00	1878.06	1881.93	1848.37	1870.10	1791	0	54
2025.01.18	14:00:00	1870.17	1881.08	1850.65	1853.93	1785	0	54
2025.01.18	15:00:00	1853.73	1881.72	1850.12	1861.85	1785	0	54
2025.01.18	16:00:00	1861.77	1886.06	1841.66	1883.44	1785	0	54
2025.01.18	17:00:00	1883.38	1908.88	1879.63	1908.43	1788	0	54
2025.01.18	18:00:00	1909.12	1932.39	1906.99	1928.51	1789	0	54
2025.01.18	19:00:00	1928.14	1934.93	1858.23	1858.23	1790	0	54
2025.01.18	20:00:00	1857.98	1871.39	1841.77	1851.32	1782	0	54
2025.01.18	21:00:00	1851.88	1857.77	1825.26	1832.54	1785	0	54
2025.01.18	22:00:00	1832.42	1834.60	1806.91	1815.12	1785	0	54
2025.01.18	23:00:00	1814.36	1825.62	1803.83	1820.66	1781	0	54
2025.01.19	00:00:00	1820.52	1822.27	1782.69	1794.51	1784	0	54
2025.01.19	01:00:00	1794.47	1798.17	1742.23	1750.32	1673	0	54
2025.01.19	02:00:00	1750.16	1770.57	1744.10	1754.27	1788	0	54
2025.01.19	03:00:00	1754.53	1772.78	1741.68	1772.07	1774	0	54
2025.01.19	04:00:00	1772.31	1791.09	1769.86	1780.78	1788	0	54
2025.01.19	05:00:00	1780.89	1786.08	1761.95	1783.80	1786	0	54
2025.01.19	06:00:00	1784.23	1787.22	1744.68	1747.55	1784	0	54
2025.01.19	07:00:00	1747.28	1750.67	1728.88	1734.25	1788	0	54
2025.01.19	08:00:00	1734.69	1746.16	1718.57	1727.49	1782	0	54
2025.01.19	09:00:00	1727.34	1742.15	1720.67	1736.65	1781	0	54
2025.01.19	10:00:00	1736.64	1746.08	1714.68	1730.89	1781	0	54
2025.01.19	11:00:00	1730.38	1753.44	1719.39	1752.64	1777	0	54
2025.01.19	12:00:00	1752.33	1784.69	1750.79	1776.68	1792	0	54
2025.01.19	13:00:00	1778.08	1780.39	1762.36	1777.46	1788	0	54
2025.01.19	14:00:00	1777.57	1780.58	1742.19	1748.45	1791	0	54
2025.01.19	15:00:00	1748.86	1759.66	1736.31	1742.94	1782	0	54
2025.01.19	16:00:00	1742.91	1756.60	1729.95	1732.99	1786	0	54
2025.01.19	17:00:00	1733.33	1746.74	1727.23	1736.76	1777	0	54
2025.01.19	18:00:00	1737.38	1759.80	1734.78	1758.54	1783	0	54
2025.01.19	19:00:00	1758.47	1789.26	1750.61	1780.67	1782	0	54
2025.01.19	20:00:00	1780.74	1780.74	1743.74	1750.09	1793	0	54
2025.01.19	21:00:00	1749.73	1750.18	1713.63	1730.08	1785	0	54
2025.01.19	22:00:00	1730.14	1731.86	1687.27	1691.96	1792	0	54
2025.01.19	23:00:00	1692.12	1703.71	1673.25	1699.13	1787	0	54
2025.01.20	00:00:00	1699.82	1699.82	1654.31	1654.56	1776	0	54
2025.01.20	01:00:00	1655.30	1657.44	1640.11	1649.03	1783	0	54
2025.01.20	02:00:00	1648.70	1667.30	1634.14	1667.30	1787	0	47
2025.01.20	03:00:00	1668.37	1671.21	1625.43	1630.85	1787	0	47
2025.01.20	04:00:00	1630.78	1673.16	1630.78	1669.18	1782	0	47
2025.01.20	05:00:00	1668.95	1689.90	1664.87	1689.52	1783	0	47
2025.01.20	06:00:00	1689.44	1700.64	1673.53	1678.99	1792	0	47
2025.01.20	07:00:00	1678.91	1690.59	1660.20	1684.68	1781	0	47
2025.01.20	08:00:00	1684.43	1714.78	1684.43	1703.40	1782	0	47
2025.01.20	09:00:00	1702.62	1702.62	1662.09	1664.30	1778	0	47
2025.01.20	10:00:00	1663.65	1668.38	1639.75	1660.81	1784	0	47
2025.01.20	11:00:00	1660.58	1683.07	1656.01	1675.05	1781	0	47
2025.01.20	12:00:00	1675.33	1682.31	1657.48	1677.20	1787	0	47
2025.01.20	13:00:00	1677.21	1696.46	1676.96	1688.86	1784	0	47
2025.01.20	14:00:00	1688.34	1699.00	1682.12	1690.10	1784	0	47
2025.01.20	15:00:00	1690.43	1690.99	1665.56	1680.13	1780	0	47
2025.01.20	16:00:00	1680.13	1705.78	1675.63	1699.68	1779	0	47
2025.01.20	17:00:00	1699.83	1704.91	1667.88	1682.76	1787	0	47
2025.01.20	18:00:00	1683.24	1693.54	1656.47	1657.80	1789	0	47
2025.01.20	19:00:00	1657.95	1661.08	1619.64	1631.11	1782	0	47
2025.01.20	20:00:00	1631.09	1635.73	1620.51	1633.57	1785	0	47
2025.01.20	21:00:00	1633.15	1638.82	1616.19	1631.37	1790	0	47
2025.01.20	22:00:00	1631.05	1637.26	1622.34	1623.06	1785	0	47
2025.01.20	23:00:00	1622.98	1644.46	1620.44	1628.77	1785	0	47
2025.01.21	00:00:00	1628.55	1632.83	1604.82	1623.86	1777	0	47
2025.01.21	01:00:00	1624.11	1646.31	1616.46	1616.46	1782	0	47
2025.01.21	02:00:00	1616.05	1630.68	1600.36	1630.68	1781	0	47
2025.01.21	03:00:00	1630.36	1641.53	1621.13	1633.37	1782	0	47
2025.01.21	04:00:00	1633.39	1636.87	1602.42	1614.61	1777	0	47
2025.01.21	05:00:00	1614.81	1620.25	1605.09	1616.91	1784	0	47
2025.01.21	06:00:00	1617.60	1642.96	1616.71	1639.52	1778	0	47
2025.01.21	07:00:00	1638.92	1649.97	1624.13	1627.85	1777	0	47
2025.01.21	08:00:00	1627.44	1628.53	1599.42	1603.86	1781	0	47
2025.01.21	09:00:00	1604.02	1623.50	1593.41	1617.40	1773	0	47
2025.01.21	10:00:00	1617.95	1620.21	1590.36	1617.13	1779	0	47
2025.01.21	11:00:00	1616.92	1618.62	1601.74	1607.68	1780	0	47
2025.01.21	12:00:00	1607.77	1627.24	1606.98	1615.59	1787	0	47
2025.01.21	13:00:00	1615.17	1627.85	1609.33	1626.57	1785	0	47
2025.01.21	14:00:00	1626.65	1628.07	1605.08	1624.71	1779	0	47
2025.01.21	15:00:00	1624.92	1641.76	1620.53	1622.19	1778	0	47
2025.01.21	16:00:00	1622.46	1638.78	1613.23	1615.99	1773	0	47
2025.01.21	17:00:00	1616.46	1635.45	1612.84	1620.27	1780	0	47
2025.01.21	18:00:00	1620.01	1637.86	1602.50	1637.86	1779	0	47
2025.01.21	19:00:00	1637.70	1664.67	1634.05	1662.64	1786	0	47
2025.01.21	20:00:00	1662.61	1683.46	1662.26	1680.23	1783	0	47
2025.01.21	21:00:00	1680.02	1724.15	1668.27	1719.57	1787	0	47
2025.01.21	22:00:00	1719.81	1724.66	1700.92	1704.74	1785	0	47
2025.01.21	23:00:00	1704.50	1718.20	1697.76	1710.79	1788	0	47
2025.01.22	00:00:00	1711.53	1749.74	1708.89	1746.55	1788	0	47
2025.01.22	01:00:00	1747.43	1757.99	1740.52	1753.77	1783	0	47
2025.01.22	02:00:00	1753.53	1753.53	1734.51	1740.70	1780	0	47
2025.01.22	03:00:00	1740.04	1746.85	1723.64	1730.78	1779	0	47
2025.01.22	04:00:00	1730.58	1733.26	1697.09	1709.81	1779	0	47
2025.01.22	05:00:00	1708.82	1711.08	1673.75	1691.07	1785	0	47
2025.01.22	06:00:00	1691.12	1699.05	1680.08	1682.06	1789	0	47
2025.01.22	07:00:00	1681.56	1699.68	1671.50	1686.98	1778	0	47
2025.01.22	08:00:00	1686.95	1699.46	1680.60	1695.11	1783	0	47
2025.01.22	09:00:00	1694.69	1703.88	1666.24	1669.63	1784	0	47
2025.01.22	10:00:00	1669.64	1684.48	1662.24	1682.37	1779	0	47
2025.01.22	11:00:00	1682.36	1726.31	1678.99	1725.83	1784	0	47
2025.01.22	12:00:00	1725.12	1726.23	1691.12	1702.00	1777	0	47
2025.01.22	13:00:00	1701.44	1707.08	1680.93	1683.41	1787	0	47
2025.01.22	14:00:00	1683.43	1699.93	1673.87	1697.78	1781	0	47
2025.01.22	15:00:00	1697.60	1726.14	1694.26	1710.22	1790	0	47
2025.01.22	16:00:00	1710.44	1722.49	1682.74	1685.43	1779	0	47
2025.01.22	17:00:00	1685.81	1686.29	1651.19	1658.12	1784	0	47
2025.01.22	18:00:00	1657.67	1671.94	1653.69	1656.63	1782	0	47
2025.01.22	19:00:00	1656.36	1668.97	1646.77	1660.27	1784	0	47
2025.01.22	20:00:00	1660.81	1690.49	1656.94	1685.87	1784	0	47
2025.01.22	21:00:00	1685.82	1700.03	1679.21	1680.00	1784	0	47
2025.01.22	22:00:00	1680.68	1692.32	1665.43	1684.49	1783	0	47
2025.01.22	23:00:00	1684.81	1713.11	1677.10	1712.34	1787	0	47
2025.01.23	00:00:00	1712.31	1752.51	1712.31	1750.82	1778	0	47
2025.01.23	01:00:00	1750.75	1751.79	1733.26	1743.23	1783	0	47
2025.01.23	02:00:00	1743.97	1760.59	1738.26	1759.19	1783	0	47
2025.01.23	03:00:00	1758.84	1773.14	1746.25	1754.60	1777	0	47
2025.01.23	04:00:00	1754.84	1782.02	1752.59	1779.89	1792	0	47
2025.01.23	05:00:00	1779.90	1823.88	1779.90	1820.07	1787	0	47
2025.01.23	06:00:00	1819.76	1824.27	1793.43	1810.46	1786	0	47
2025.01.23	07:00:00	1810.84	1817.71	1792.61	1793.80	1778	0	47
2025.01.23	08:00:00	1793.89	1808.30	1784.71	1794.96	1775	0	47
2025.01.23	09:00:00	1794.73	1821.39	1779.22	1782.60	1787	0	47
2025.01.23	10:00:00	1782.81	1792.59	1770.45	1778.49	1784	0	47
2025.01.23	11:00:00	1778.23	1820.83	1776.73	1807.48	1781	0	47
2025.01.23	12:00:00	1807.31	1827.52	1807.31	1823.38	1783	0	47
2025.01.23	13:00:00	1823.34	1825.10	1791.64	1805.08	1787	0	47
2025.01.23	14:00:00	1804.92	1822.92	1789.51	1808.75	1785	0	47
2025.01.23	15:00:00	1809.09	1827.61	1795.61	1817.94	1787	0	47
2025.01.23	16:00:00	1818.22	1821.59	1801.36	1807.44	1783	0	47
2025.01.23	17:00:00	1806.94	1812.52	1788.01	1806.80	1790	0	47
2025.01.23	18:00:00	1806.27	1813.06	1782.36	1790.57	1785	0	47
2025.01.23	19:00:00	1791.01	1815.27	1781.62	1803.81	1779	0	47
2025.01.23	20:00:00	1804.46	1807.60	1787.98	1803.13	1789	0	47
2025.01.23	21:00:00	1803.06	1808.29	1754.39	1776.82	1785	0	47
2025.01.23	22:00:00	1776.72	1822.31	1772.81	1813.23	1784	0	47
2025.01.23	23:00:00	1812.16	1812.91	1757.31	1769.91	1784	0	47
2025.01.24	00:00:00	1770.21	1786.34	1765.76	1774.39	1785	0	47
2025.01.24	01:00:00	1773.94	1783.12	1761.50	1767.77	1783	0	47
2025.01.24	02:00:00	1767.01	1796.30	1759.19	1789.79	1790	0	47
2025.01.24	03:00:00	1790.22	1833.11	1789.36	1830.83	1781	0	47
2025.01.24	04:00:00	1830.68	1831.82	1809.14	1822.81	1786	0	47
2025.01.24	05:00:00	1822.51	1830.18	1805.45	1828.73	1783	0	47
2025.01.24	06:00:00	1828.78	1844.92	1810.38	1810.65	1785	0	47
2025.01.24	07:00:00	1810.80	1839.75	1802.63	1834.10	1780	0	47
2025.01.24	08:00:00	1834.48	1845.52	1802.81	1831.34	1786	0	47
2025.01.24	09:00:00	1831.58	1851.06	1820.56	1833.43	1790	0	47
2025.01.24	10:00:00	1832.63	1836.25	1809.72	1825.20	1784	0	47
2025.01.24	11:00:00	1824.78	1842.23	1809.50	1831.74	1784	0	47
2025.01.24	12:00:00	1830.68	1835.47	1812.12	1814.80	1781	0	47
2025.01.24	13:00:00	1815.34	1841.68	1807.27	1809.59	1785	0	47
2025.01.24	14:00:00	1809.18	1815.90	1784.33	1786.70	1788	0	47
2025.01.24	15:00:00	1786.18	1819.15	1784.02	1791.90	1780	0	47
2025.01.24	16:00:00	1792.02	1844.72	1792.02	1826.78	1785	0	47
2025.01.24	17:00:00	1827.33	1877.27	1827.33	1857.75	1790	0	47
2025.01.24	18:00:00	1858.44	1874.18	1845.85	1865.23	1788	0	47
2025.01.24	19:00:00	1865.34	1890.03	1861.47	1870.20	1788	0	47
2025.01.24	20:00:00	1870.84	1873.30	1835.95	1835.95	1793	0	47
2025.01.24	21:00:00	1835.12	1907.06	1832.25	1901.57	1785	0	47
2025.01.24	22:00:00	1901.31	1913.22	1893.83	1904.68	1786	0	47
2025.01.24	23:00:00	1904.55	1949.76	1901.22	1949.04	1783	0	47
2025.01.25	00:00:00	1949.13	1974.43	1946.34	1947.59	1784	0	47
2025.01.25	01:00:00	1947.30	1957.86	1919.08	1925.52	1791	0	47
2025.01.25	02:00:00	1924.79	1979.54	1921.73	1975.46	1787	0	47
2025.01.25	03:00:00	1974.07	1993.92	1971.45	1992.00	1785	0	47
2025.01.25	04:00:00	1992.56	2032.68	1989.76	2029.22	1791	0	47
2025.01.25	05:00:00	2029.39	2073.51	2022.40	2064.42	1790	0	47
2025.01.25	06:00:00	2064.43	2076.85	2052.05	2062.94	1789	0	47
2025.01.25	07:00:00	2063.48	2077.92	2048.60	2051.33	1786	0	47
2025.01.25	08:00:00	2051.29	2083.55	2049.85	2062.82	1798	0	47
2025.01.25	09:00:00	2063.69	2072.67	2046.31	2058.27	1786	0	47
2025.01.25	10:00:00	2059.24	2063.58	2036.59	2044.47	1784	0	47
2025.01.25	11:00:00	2044.17	2064.39	2031.17	2054.82	1784	0	47
2025.01.25	12:00:00	2055.05	2069.32	2043.48	2054.35	1786	0	47
2025.01.25	13:00:00	2054.37	2056.95	2026.23	2032.14	1787	0	47
2025.01.25	14:00:00	2033.34	2046.27	2018.16	2034.46	1794	0	47
2025.01.25	15:00:00	2035.11	2039.71	2002.78	2012.44	1788	0	47
2025.01.25	16:00:00	2013.22	2031.98	1998.19	1999.07	1786	0	47
2025.01.25	17:00:00	1998.45	2025.45	1987.30	2019.90	1787	0	47
2025.01.25	18:00:00	2020.39	2047.93	2009.92	2033.69	1790	0	47
2025.01.25	19:00:00	2032.89	2032.89	2002.91	2017.01	1787	0	47
2025.01.25	20:00:00	2016.82	2033.31	2003.82	2009.73	1790	0	47
2025.01.25	21:00:00	2010.42	2018.44	1988.97	1993.13	1781	0	47
2025.01.25	22:00:00	1992.74	2003.55	1977.36	2003.55	1791	0	47
2025.01.25	23:00:00	2002.88	2019.48	2002.72	2017.88	1777	0	47
2025.01.26	00:00:00	2017.99	2055.65	2017.99	2055.27	1785	0	47
2025.01.26	01:00:00	2054.77	2054.83	2018.78	2029.45	1786	0	47
2025.01.26	02:00:00	2028.80	2046.23	2019.32	2025.06	1778	0	47
2025.01.26	03:00:00	2024.68	2035.47	2013.97	2029.53	1788	0	47
2025.01.26	04:00:00	2030.04	2034.86	1998.28	2013.23	1789	0	47
2025.01.26	05:00:00	2012.35	2046.49	2004.59	2041.24	1784	0	47
2025.01.26	06:00:00	2042.03	2046.01	2026.30	2039.56	1790	0	47
2025.01.26	07:00:00	2038.65	2059.96	2020.41	2021.91	1789	0	47
2025.01.26	08:00:00	2021.87	2039.27	1995.41	2001.84	1785	0	47
2025.01.26	09:00:00	2000.97	2012.72	1977.43	1986.15	1787	0	47
2025.01.26	10:00:00	1986.23	1994.82	1967.49	1978.62	1780	0	47
2025.01.26	11:00:00	1978.73	1992.57	1962.00	1982.46	1777	0	47
2025.01.26	12:00:00	1981.83	2002.81	1959.97	1999.33	1783	0	47
2025.01.26	13:00:00	1999.30	2020.64	1988.87	2017.53	1784	0	47
2025.01.26	14:00:00	2016.92	2018.66	1961.69	1967.68	1791	0	47
2025.01.26	15:00:00	1968.10	2005.15	1964.87	1997.62	1783	0	47
2025.01.26	16:00:00	1998.24	2005.68	1972.94	1990.54	1788	0	47
2025.01.26	17:00:00	1989.73	2016.66	1985.27	2015.18	1786	0	47
2025.01.26	18:00:00	2015.48	2042.55	2013.50	2026.61	1790	0	47
2025.01.26	19:00:00	2026.48	2078.19	2021.36	2054.49	1787	0	47
2025.01.26	20:00:00	2055.39	2083.07	2050.27	2074.75	1787	0	47
2025.01.26	21:00:00	2074.72	2085.38	2053.74	2072.92	1784	0	47
2025.01.26	22:00:00	2072.63	2112.19	2068.35	2111.44	1790	0	47
2025.01.26	23:00:00	2111.88	2118.08	2082.34	2091.30	1789	0	47
2025.01.27	00:00:00	2091.20	2135.46	2085.13	2131.35	1785	0	47
2025.01.27	01:00:00	2131.40	2135.82	2103.37	2123.08	1785	0	47
2025.01.27	02:00:00	2123.54	2123.77	2097.28	2104.56	1785	0	47
2025.01.27	03:00:00	2105.05	2172.76	2105.05	2160.54	1787	0	47
2025.01.27	04:00:00	2160.75	2188.12	2143.26	2153.18	1785	0	47
2025.01.27	05:00:00	2152.23	2154.74	2110.93	2120.28	1788	0	47
2025.01.27	06:00:00	2120.13	2142.12	2111.50	2141.00	1789	0	47
2025.01.27	07:00:00	2140.98	2144.39	2117.91	2133.26	1784	0	62
2025.01.27	08:00:00	2132.92	2178.55	2132.92	2143.50	1788	0	62
2025.01.27	09:00:00	2143.97	2146.78	2114.00	2121.65	1784	0	62
2025.01.27	10:00:00	2122.50	2145.29	2112.99	2143.91	1784	0	62
2025.01.27	11:00:00	2143.10	2160.67	2107.45	2108.66	1787	0	62
2025.01.27	12:00:00	2108.70	2131.52	2090.51	2093.37	1790	0	62
2025.01.27	13:00:00	2094.41	2122.11	2093.91	2100.70	1784	0	62
2025.01.27	14:00:00	2100.95	2112.44	2083.62	2111.85	1785	0	62
2025.01.27	15:00:00	2111.85	2112.03	2077.62	2082.08	1785	0	62
2025.01.27	16:00:00	2081.62	2125.24	2080.82	2118.31	1784	0	62
2025.01.27	17:00:00	2117.88	2122.78	2092.89	2112.13	1782	0	62
2025.01.27	18:00:00	2112.77	2113.12	2061.33	2078.17	1790	0	62
2025.01.27	19:00:00	2078.73	2100.13	2065.63	2081.48	1781	0	62
2025.01.27	20:00:00	2081.43	2087.38	2029.91	2035.59	1789	0	62
2025.01.27	21:00:00	2036.72	2068.88	2034.99	2055.82	1789	0	62
2025.01.27	22:00:00	2055.41	2056.28	2031.98	2053.95	1784	0	62
2025.01.27	23:00:00	2053.15	2058.46	2025.62	2026.23	1790	0	62
2025.01.28	00:00:00	2026.27	2029.26	1965.71	1974.10	1781	0	62
2025.01.28	01:00:00	1973.65	1974.81	1934.33	1953.60	1782	0	62
2025.01.28	02:00:00	1953.86	1987.30	1951.91	1963.31	1786	0	62
2025.01.28	03:00:00	1963.35	1980.08	1959.44	1974.41	1789	0	62
2025.01.28	04:00:00	1974.35	1990.14	1970.32	1988.18	1788	0	62
2025.01.28	05:00:00	1988.85	1995.06	1966.00	1989.47	1786	0	62
2025.01.28	06:00:00	1988.70	2012.18	1985.45	2007.98	1785	0	62
2025.01.28	07:00:00	2008.85	2019.53	1988.79	1992.00	1777	0	62
2025.01.28	08:00:00	1991.39	1998.77	1970.12	1977.21	1789	0	62
2025.01.28	09:00:00	1977.59	2012.73	1970.19	2010.93	1789	0	62
2025.01.28	10:00:00	2011.09	2015.25	1984.38	2002.52	1782	0	62
2025.01.28	11:00:00	2002.02	2024.53	1996.81	2018.82	1784	0	62
2025.01.28	12:00:00	2019.25	2028.28	2005.92	2021.95	1792	0	62
2025.01.28	13:00:00	2021.22	2030.69	1993.55	1996.86	1786	0	62
2025.01.28	14:00:00	1996.49	2001.18	1945.46	1948.06	1782	0	62
2025.01.28	15:00:00	1948.13	1952.02	1928.30	1946.06	1784	0	62
2025.01.28	16:00:00	1946.40	1947.29	1908.60	1912.35	1788	0	62
2025.01.28	17:00:00	1912.71	1944.70	1905.86	1930.40	1781	0	62
2025.01.28	18:00:00	1930.57	1941.48	1910.83	1924.20	1787	0	62
2025.01.28	19:00:00	1924.77	1934.56	1907.10	1929.39	1780	0	62
2025.01.28	20:00:00	1928.76	1933.13	1866.05	1866.41	1783	0	62
2025.01.28	21:00:00	1866.37	1875.55	1839.31	1840.41	1783	0	62
2025.01.28	22:00:00	1841.08	1856.76	1833.73	1846.28	1788	0	62
2025.01.28	23:00:00	1846.63	1847.74	1816.55	1822.70	1789	0	62
2025.01.29	00:00:00	1822.28	1834.12	1805.65	1813.73	1783	0	62
2025.01.29	01:00:00	1813.85	1815.85	1784.07	1802.56	1779	0	62
2025.01.29	02:00:00	1802.35	1825.11	1788.87	1793.72	1784	0	62
2025.01.29	03:00:00	1794.19	1800.15	1769.46	1779.47	1784	0	62
2025.01.29	04:00:00	1779.41	1779.72	1737.60	1745.82	1786	0	62
2025.01.29	05:00:00	1745.49	1754.59	1734.81	1739.57	1779	0	62
2025.01.29	06:00:00	1738.96	1743.53	1724.41	1735.61	1785	0	62
2025.01.29	07:00:00	1736.12	1750.41	1734.20	1735.28	1789	0	62
2025.01.29	08:00:00	1735.02	1742.46	1726.70	1739.65	1791	0	62
2025.01.29	09:00:00	1739.71	1772.14	1732.62	1770.48	1785	0	62
2025.01.29	10:00:00	1770.50	1773.32	1748.89	1754.63	1786	0	62
2025.01.29	11:00:00	1754.93	1774.46	1754.25	1767.19	1788	0	62
2025.01.29	12:00:00	1767.06	1771.11	1750.59	1767.16	1788	0	62
2025.01.29	13:00:00	1766.77	1772.09	1733.26	1746.58	1786	0	62
2025.01.29	14:00:00	1747.26	1750.13	1722.23	1723.64	1783	0	62
2025.01.29	15:00:00	1723.34	1731.35	1706.40	1725.02	1779	0	62
2025.01.29	16:00:00	1724.78	1746.57	1722.63	1732.66	1781	0	62
2025.01.29	17:00:00	1732.97	1744.14	1726.29	1743.24	1784	0	62
2025.01.29	18:00:00	1743.21	1758.03	1739.19	1743.48	1788	0	62
2025.01.29	19:00:00	1743.07	1766.45	1742.20	1749.32	1789	0	62
2025.01.29	20:00:00	1749.59	1766.35	1746.24	1758.23	1782	0	62
2025.01.29	21:00:00	1758.66	1787.17	1757.80	1786.38	1781	0	62
2025.01.29	22:00:00	1786.96	1793.32	1774.75	1777.89	1784	0	62
2025.01.29	23:00:00	1778.54	1790.99	1769.16	1782.57	1791	0	62
2025.01.30	00:00:00	1782.02	1799.84	1780.13	1786.28	1787	0	62
2025.01.30	01:00:00	1786.32	1801.15	1778.10	1789.14	1780	0	62
2025.01.30	02:00:00	1788.79	1814.54	1780.92	1793.95	1781	0	62
2025.01.30	03:00:00	1793.57	1805.99	1781.90	1803.00	1790	0	62
2025.01.30	04:00:00	1803.34	1814.04	1791.45	1801.14	1786	0	62
2025.01.30	05:00:00	1801.22	1819.70	1790.93	1809.65	1785	0	62
2025.01.30	06:00:00	1809.88	1858.44	1809.88	1852.98	1784	0	62
2025.01.30	07:00:00	1853.44	1863.88	1834.16	1839.26	1782	0	62
2025.01.30	08:00:00	1839.56	1846.70	1810.46	1812.80	1788	0	62
2025.01.30	09:00:00	1812.30	1855.28	1806.47	1840.67	1792	0	62
2025.01.30	10:00:00	1842.22	1861.48	1836.33	1858.29	1787	0	62
2025.01.30	11:00:00	1858.60	1866.13	1846.63	1856.38	1786	0	62
2025.01.30	12:00:00	1856.13	1866.82	1840.58	1857.63	1785	0	62
2025.01.30	13:00:00	1857.49	1869.95	1848.11	1869.12	1784	0	62
2025.01.30	14:00:00	1869.25	1882.68	1848.11	1849.80	1787	0	62
2025.01.30	15:00:00	1848.91	1854.11	1820.61	1829.64	1789	0	62
2025.01.30	16:00:00	1830.17	1844.35	1825.09	1833.66	1782	0	62
2025.01.30	17:00:00	1832.99	1862.66	1825.91	1839.35	1790	0	62
2025.01.30	18:00:00	1839.02	1839.58	1803.66	1808.23	1784	0	62
2025.01.30	19:00:00	1809.39	1812.29	1774.81	1777.03	1781	0	62
2025.01.30	20:00:00	1776.75	1809.08	1772.50	1807.58	1779	0	62
2025.01.30	21:00:00	1807.18	1832.34	1807.18	1814.92	1783	0	62
2025.01.30	22:00:00	1814.57	1829.44	1800.46	1823.35	1785	0	62
2025.01.30	23:00:00	1823.64	1849.62	1817.49	1846.69	1783	0	62
2025.01.31	00:00:00	1846.02	1853.08	1832.03	1847.61	1789	0	62
2025.01.31	01:00:00	1847.66	1854.77	1836.27	1845.98	1784	0	62
2025.01.31	02:00:00	1846.15	1856.56	1835.95	1839.05	1783	0	62
2025.01.31	03:00:00	1838.69	1843.40	1815.01	1822.50	1781	0	62
2025.01.31	04:00:00	1823.45	1831.72	1764.02	1764.02	1774	0	62
2025.01.31	05:00:00	1764.36	1765.64	1724.28	1736.13	1785	0	62
2025.01.31	06:00:00	1735.69	1746.92	1724.34	1743.85	1785	0	62
2025.01.31	07:00:00	1743.90	1755.85	1729.28	1739.02	1783	0	62
2025.01.31	08:00:00	1739.39	1758.71	1728.24	1758.01	1775	0	62
2025.01.31	09:00:00	1758.10	1774.31	1754.53	1767.02	1783	0	62
2025.01.31	10:00:00	1767.47	1815.64	1766.77	1808.19	1782	0	62
2025.01.31	11:00:00	1808.20	1834.76	1803.73	1832.61	1784	0	62
